Workbook

Sheet Distritos
A1: Ubigeo | B1: Distrito | C1: Valor
A2: 220101 | B2: Moyobamba | C2: =+IFERROR(VLOOKUP(A2,Val!$A$1:$B$78,2,FALSE),"-") -> 89.521131
A3: 220102 | B3: Calzada | C3: =+IFERROR(VLOOKUP(A3,Val!$A$1:$B$78,2,FALSE),"-") -> 123.9021
A4: 220103 | B4: Habana | C4: =+IFERROR(VLOOKUP(A4,Val!$A$1:$B$78,2,FALSE),"-") -> 238.05138
A5: 220104 | B5: Jepelacio | C5: =+IFERROR(VLOOKUP(A5,Val!$A$1:$B$78,2,FALSE),"-") -> 36.875768
A6: 220105 | B6: Soritor | C6: =+IFERROR(VLOOKUP(A6,Val!$A$1:$B$78,2,FALSE),"-") -> 80.390851
A7: 220106 | B7: Yantalo | C7: =+IFERROR(VLOOKUP(A7,Val!$A$1:$B$78,2,FALSE),"-") -> 41.28639
A8: 220201 | B8: Bellavista | C8: =+IFERROR(VLOOKUP(A8,Val!$A$1:$B$78,2,FALSE),"-") -> 46.470776
A9: 220202 | B9: Alto Biavo | C9: =+IFERROR(VLOOKUP(A9,Val!$A$1:$B$78,2,FALSE),"-") -> 13.738491
A10: 220203 | B10: Bajo Biavo | C10: =+IFERROR(VLOOKUP(A10,Val!$A$1:$B$78,2,FALSE),"-") -> 191.01904
A11: 220204 | B11: Huallaga | C11: =+IFERROR(VLOOKUP(A11,Val!$A$1:$B$78,2,FALSE),"-") -> 30.815982
A12: 220205 | B12: San Pablo | C12: =+IFERROR(VLOOKUP(A12,Val!$A$1:$B$78,2,FALSE),"-") -> 22.01466
A13: 220206 | B13: San Rafael | C13: =+IFERROR(VLOOKUP(A13,Val!$A$1:$B$78,2,FALSE),"-") -> 82.636054
... A79: 221006 | B79: Santa Lucía | C79: =+IFERROR(VLOOKUP(A79,Val!$A$1:$B$78,2,FALSE),"-") -> 52.561254

Sheet Val
A1: 220101 | B1: 89.521131
A2: 220102 | B2: 123.9021
A3: 220103 | B3: 238.05138
A4: 220104 | B4: 36.875768
A5: 220105 | B5: 80.390851
A6: 220106 | B6: 41.28639
A7: 220201 | B7: 46.470776
A8: 220202 | B8: 13.738491
A9: 220203 | B9: 191.01904
A10: 220204 | B10: 30.815982
A11: 220205 | B11: 22.01466
A12: 220206 | B12: 82.636054
... A78: 221006 | B78: 52.561254
